upload_date,video_name,likes,channel_name
2024-07-17T08:27:14Z,VADA PAV AUR CHAI üòç | CARRYMINATI,4460137,Carryminati
2024-07-16T09:32:35Z,New roast video coming out soon!                  #carryminati #roast #comedy,1059287,Carryminati
2024-05-16T08:24:52Z,CARRYMINATI VS SIGMA MALE,3127664,Carryminati
2024-05-14T08:47:13Z,New Roast Video Coming Out Soon!                 #carryminati #shorts #sigmamale,376438,Carryminati
2024-03-16T06:34:03Z,DADDY DAUGHTER LOVE STORY  | CARRYMINATI,2726926,Carryminati
2024-03-14T08:26:01Z,New Roast Video releasing on 16th March at 12:30 pm.          #carryminati #carryminatiroast,615116,Carryminati
2023-12-24T07:00:01Z,RARE INDIAN STREET FOOD....YUMMYYü§§| CARRYMINATI,4146327,Carryminati
2023-12-22T08:57:55Z,Saal ki akhri video street food ke naamü§§ #carryminati #shorts #streetfood #comedy,334122,Carryminati
2023-11-23T07:00:32Z,MOTIVATIONAL SPEAKER PARODY | CARRYMINATI,3501612,Carryminati
2023-11-21T13:16:54Z,kya aap nyi parody ke liye taiyaar hai?üíÄ #lifechangingparody,987092,Carryminati
2023-09-16T06:59:54Z,BIGG BOSS OR YOUTUBE? The Final Verdict | CARRYMINATI Q&amp;A 2023,3099950,Carryminati
2023-08-11T07:06:01Z,JALWA - CARRYMINATI X WILY FRENZY,1895359,Carryminati
2023-08-09T09:46:20Z,"JALWA releasing on Friday, 11th August 2023. #carryminati",409501,Carryminati
2023-07-15T06:58:55Z,DAILY VLOGGERS PARODY üòò | CARRYMINATI,5308701,Carryminati
2023-07-13T10:09:52Z,"Toh guys, naya vlog aane vaala hai taiyaar rehna üíÄ #vlogparody #carryminati",2230460,Carryminati
2023-05-30T06:32:26Z,MC SALMAN FT BIGG BOSS - CARRYMINATI,4564457,Carryminati
2023-05-27T09:27:24Z,CARRYMINATI ROAST BIGG BOSS #shorts #carryminati #biggboss,918111,Carryminati
2023-02-04T06:39:37Z,MAGGIE KHAO BODY BANAO | CARRYMINATI,4174223,Carryminati
2023-02-02T14:41:32Z,CARRYMINATI ROAST TARUN GILL - VIDEO COMING SOON.            #shorts #carryminati,662888,Carryminati
2022-10-19T06:54:50Z,PAKISTANI GHOST HUNTERS,3854442,Carryminati
2022-08-11T12:05:31Z,LADKIYON KA BEST FRIEND,5447266,Carryminati
2022-04-21T11:26:30Z,INDIAN FOOD MAGIC | CARRYMINATI,5891798,Carryminati
2022-02-16T08:52:06Z,GETTING MARRIED? QNA 2022 | CARRYMINATI,2814023,Carryminati
2022-01-19T11:34:42Z,THARA BHAiiiii | CARRYMINATI,7121608,Carryminati
2021-12-03T14:16:02Z,METUBE SPACE | CARRYMINATI,2531984,Carryminati
2021-09-05T14:20:46Z,CANCEL CULTURE ORGANIZATION | CARRYMINATI,2180931,Carryminati
2021-09-05T07:41:43Z,SOCIAL MEDIA CULTURE | CARRYMINATI,2850509,Carryminati
2021-05-23T15:50:44Z,THE LAND OF BIGG BOSS | CARRYMINATI,4750644,Carryminati
2021-01-17T15:17:28Z,VARDAAN - CARRYMINATI X Wily Frenzy,6941518,Carryminati
2020-11-20T11:42:43Z,MASSAGE PARADISE,5209711,Carryminati
2020-09-04T10:23:39Z,IDLES OF INDIA: GONE RIGHT,5695972,Carryminati
2020-07-10T15:44:02Z,THE ART OF BAD WORDS,6289314,Carryminati
2020-06-05T17:02:14Z,YALGAAR - CARRYMINATI X Wily Frenzy,18764394,Carryminati
2020-05-24T14:30:35Z,YALGAAR....COMING SOON,4924914,Carryminati
2020-05-17T10:47:35Z,STOP MAKING ASSUMPTIONS | YOUTUBE VS TIK TOK: THE END,9173696,Carryminati
2020-04-24T16:12:00Z,WARRIOR - CARRYMINATI X Wily Frenzy,1390561,Carryminati
2020-04-10T10:30:15Z,FILM THE FLARE,4050246,Carryminati
2020-03-07T15:38:25Z,ARE YOU A VIRGIN? QNA 2020 | CARRYMINATI,2697426,Carryminati
2020-02-12T17:28:36Z,BIG BOSS BIG BOSS BIG BOSS PART 2 | CARRYMINATI,5647915,Carryminati
2020-01-17T14:00:13Z,Zindagi - CARRYMINATI X Wily Frenzy,2688687,Carryminati
2019-12-28T14:22:50Z,LADKA LADKI AUR WOH | CARRYMINATI,3287041,Carryminati
2019-11-24T12:54:57Z,NOT A DARING SHOW FT. WAKAR ZAQA  | CARRYMINATI,4297365,Carryminati
2019-10-14T13:02:41Z,TALENTED PEOPLE OF VIGO | CARRYMINATI,3423995,Carryminati
2019-09-12T10:53:55Z,CUTE GIRLS PRANK | CARRYMINATI,3972745,Carryminati
2019-08-13T10:29:45Z,WILDEST PARTIES OF INDIA | CARRYMINATI,2863799,Carryminati
2019-07-13T08:28:18Z,I JUMPED OFF A PLANE | CARRYMINATI QnA 2019,1212852,Carryminati
2019-07-05T11:16:12Z,TIKTOK EVOLUTION 2019 | CARRYMINATI,5948348,Carryminati
2019-05-29T11:30:01Z,SCHOOL TRIP OF THE YEAR,1566359,Carryminati
2019-04-20T08:17:42Z,TRIGGERR - CARRYMINATI X Wily Frenzy,1726790,Carryminati
2019-02-11T11:54:11Z,NO MORE SINGLE: VALENTINE SPECIAL FEAT ROCKY,4599761,Carryminati
2019-01-15T13:08:16Z,MY REAL AGE | QNA 2019,1324698,Carryminati
2019-01-01T15:04:15Z,Bye Pewdiepie | Carryminati,3670891,Carryminati
2018-12-05T10:25:14Z,WEDDING OF THE YEAR (I&#39;M INVITED!),3587144,Carryminati
2018-11-06T16:34:37Z,BIG BOSS BIG BOSS BIG BOSS PART 1,2882087,Carryminati
2018-09-11T14:10:26Z,PUBG INDIA: REAL LIFE BATTLE ROYALE,2623059,Carryminati
2018-08-04T09:05:23Z,INDIAN KID MEETS TOM CRUISE,2713305,Carryminati
2018-06-14T11:55:53Z,HOW TO GET MODERN LOVE,2035982,Carryminati
2018-05-10T09:47:18Z,THE PERFECT BRIDE,2388422,Carryminati
2018-04-29T12:16:52Z,QnA 2018,892488,Carryminati
2018-04-17T10:46:21Z,ADS KA BADSHAAH,1265938,Carryminati
2018-03-16T08:57:01Z,SANGEET BHOJPURI,1771885,Carryminati
2018-02-13T13:15:06Z,SOUTH INDIAN ACTION,2005604,Carryminati
2018-01-26T10:40:24Z,Success Story Of A Cringe Pop Artist,3156019,Carryminati
2017-12-27T14:16:48Z,HUMANS EVOLVED TOO FAR,830112,Carryminati
2017-12-16T16:48:22Z,THE MOST FEARED TRIBE,795107,Carryminati
2017-12-02T16:15:21Z,THE ALMIGHTY STRANGER,1210477,Carryminati
2017-11-16T12:42:17Z,THE TIME WE TRANSFORM,788005,Carryminati
2017-11-03T13:59:09Z,ANSWERING SOME THINGS (QnA),987457,Carryminati
2017-10-29T09:12:48Z,WHEN A MERMAID HITS PUBERTY,1171450,Carryminati
2017-10-21T11:22:45Z,THESE SUPERSTITIONS WILL MAKE YOU RICH,1102335,Carryminati
2017-10-08T14:54:52Z,TIME TO PUT A FULL STOP,801813,Carryminati
2017-09-25T17:40:37Z,A NEW BREED IS BORN,1730749,Carryminati
2017-09-13T11:30:57Z,MSG: A NATURAL DISASTER,2101977,Carryminati
2017-08-31T06:35:54Z,DISCOVERY OF A NEW CREATURE,2991181,Carryminati
2017-08-20T06:33:54Z,RETURN OF RAPPERS,1352879,Carryminati
2017-08-13T10:55:56Z,ILLUMINATI THE TRUTH,1246058,Carryminati
2017-07-22T07:55:17Z,YES THIS IS WEIRD,983186,Carryminati
2017-07-09T06:55:12Z,BEST REALITY SHOW IN THE WORLD,2422053,Carryminati
2017-06-24T09:45:41Z,THE TIME HAS COME (QnA),1175851,Carryminati
2017-06-16T07:02:37Z,PEER PRESSURE,490056,Carryminati
2017-06-08T13:08:35Z,CAN THIS BE A THING?,404932,Carryminati
2017-05-05T09:44:05Z,MEET THE LEGEND OF THIS CENTURY,1667464,Carryminati
2017-04-25T07:57:16Z,SCHOOL HOLIDAYS,652285,Carryminati
2017-04-15T13:48:38Z,MY ROOM TOUR 2017,665954,Carryminati
2017-04-08T13:14:45Z,&quot;HOT&quot; GIRL OFFERS MILK,1894590,Carryminati
2017-04-01T06:59:52Z,THE ORIGIN OF SPIKES,350263,Carryminati
2017-03-22T15:03:33Z,BAAHUBALI PARODY PARODY,444579,Carryminati
2017-03-17T11:55:32Z,BAD WORDS,864655,Carryminati
2017-03-09T09:50:50Z,YOU ASKED FOR THIS,1033738,Carryminati
2017-02-22T12:06:05Z,E.X.A.M.S,1000259,Carryminati
2017-02-14T11:28:50Z,THIS IS YOUR VALENTINE,605205,Carryminati
2017-02-09T14:27:51Z,BEST THING ON THIS PLANET,589601,Carryminati
2017-02-02T12:14:09Z,MARRY YOUR DREAM PARTNER,549615,Carryminati
2017-01-26T11:19:06Z,&quot;HAREE OM&quot; THIS IS ENOUGH PLEASE STOP,1615335,Carryminati
2017-01-17T12:04:47Z,&quot;DAARU DAARU DAARU&quot; SHE IS BACK,1466855,Carryminati
2017-01-12T12:09:16Z,RAP STAR ON PEAK,1091499,Carryminati
2017-01-08T14:23:50Z,EK AURAT,392421,Carryminati
2017-01-06T10:13:11Z,WORST START OF THE YEAR,674897,Carryminati
2017-01-03T15:57:42Z,1 BILLION DIRHAM SETUP TOUR,970009,Carryminati
2016-12-28T14:51:55Z,THE END OF SOMETHING BEAUTIFUL,580896,Carryminati
2016-12-25T14:47:20Z,INDIAN CHRISTMAS RANT,353581,Carryminati
2016-12-21T14:43:09Z,HOMELESS SEXIST GHOST,582707,Carryminati
2016-12-17T17:21:31Z,THE MEANING OF LIFE,165966,Carryminati
2016-12-11T12:07:16Z,BEST DADDY FOR YOUR DAUGHTER,502900,Carryminati
2016-12-04T15:19:04Z,THE CLOSEST HUMAN TO GOD,938019,Carryminati
2016-11-30T15:05:54Z,YOUTUBE TRENDING PAGE,877417,Carryminati
2016-11-26T16:50:47Z,THE AWESOME PLACE WE CALL SCHOOL,692777,Carryminati
2016-11-23T16:49:58Z,THE DARK ADULT SIDE OF YOUTHOOB,470763,Carryminati
2016-11-17T13:19:54Z,&quot;SONAM GUPTA BEWAFA HAI&quot; PLEASE STOP WORST TREND 2016,595360,Carryminati
2016-11-13T15:56:36Z,EVERYBODY WANTS KATRINA CAT,611423,Carryminati
2016-11-09T18:39:41Z,BLACK AND WHITE (NEW INDIAN POLICY),399449,Carryminati
2016-11-08T10:51:57Z,MUSIC INDUSTRY ON PEAK,469622,Carryminati
2016-11-05T09:32:53Z,ADULT NOT SO HORROR MOVIE,405777,Carryminati
2016-10-28T12:17:05Z,GOLD DIGGER PRANKS - THE MONEY MAKING MACHINE OF YOUTUBE,650765,Carryminati
2016-10-22T09:37:12Z,ANOTHER SHITTY FACECAM VIDEO,585712,Carryminati
2016-10-15T10:22:45Z,PPAP Pen Pineapple Apple Pen PLEASE STOP,615161,Carryminati
2016-10-07T12:24:34Z,INDIANS FINDING LOVE PARTNER,461638,Carryminati
2016-09-30T08:30:01Z,NON VEG JOKES FOR KIDS,678873,Carryminati
2016-09-27T09:01:31Z,MICHEAL JACKSON HAS A NEW LIFE,439362,Carryminati
2016-09-22T14:39:46Z,MUMMY DADDY PRANK,905285,Carryminati
2016-09-18T14:45:54Z,SUPERNATURAL SWAG,390180,Carryminati
2016-09-12T12:35:09Z,EMBRACING THE HATE (FACECAM),2167345,Carryminati
2016-09-11T15:16:23Z,I DID SOMETHING BAD,307758,Carryminati
2016-09-10T05:47:04Z,FIGHTING YOUR OWN SWAG,868196,Carryminati
2016-09-06T14:43:59Z,INDIAN WOMEN GETTING HIGH,92099,Carryminati
2016-08-30T15:00:00Z,THIS IS NOT A DARING SHOW,658675,Carryminati
2016-08-27T14:45:38Z,AESTHETIC SHAKTIMAAN,422576,Carryminati
2016-08-23T15:00:02Z,HOW MUCH MONEY DO I MAKE ? QNA (FACECAM),664982,Carryminati
2016-08-21T05:13:38Z,LET THE FUN BEGIN,247763,Carryminati
2016-08-15T13:28:03Z,THIS IS SEXUALLY WEIRD,883957,Carryminati
2016-08-14T13:53:31Z,50 LAYERS OF CHEESE,268560,Carryminati
2016-08-12T17:25:28Z,THE RETURN,564004,Carryminati
2016-08-07T04:14:59Z,Roast Of NAZAR BATTU,444838,Carryminati
2016-08-03T14:11:01Z,GETTING FAMOUS WITH BB KI VINES,1599780,Carryminati
2016-07-30T05:04:26Z,PROPOSING MALE AND WOMEN,380204,Carryminati
2016-07-29T09:40:36Z,ROASTING ALL INDIA BAKCHOD,309168,Carryminati
2016-07-25T13:51:06Z,THIS IS TOO MUCH,157315,Carryminati
2016-07-21T05:25:59Z,POHA IS LOVE POHA IS LIFE,203707,Carryminati
2016-07-14T08:30:01Z,GOLD DIGGER (GONE VERY VERY SEXY),444420,Carryminati
2016-07-11T07:39:33Z,GIRL WITH SWEG,442555,Carryminati
2016-07-10T08:08:08Z,THE PERFECT PARTNER,300312,Carryminati
2016-07-07T07:09:41Z,INDIANS WITH FAKE ACCENT,249431,Carryminati
2016-07-06T08:48:55Z,BEST PAKISTANI SHOW,1013740,Carryminati
2016-07-02T08:21:29Z,HOT BIKINI SEX,411259,Carryminati
2016-06-30T08:19:40Z,69 SUBSCRIBERS SPECIAL QnA,1277060,Carryminati
2016-06-29T07:53:30Z,THE ART OF SATISFACTION,208530,Carryminati
2016-06-26T08:53:15Z,SASTE NASHE OVERDOSE,252058,Carryminati
2016-06-24T11:21:36Z,EVERY INDIAN P.E TEACHERS,346917,Carryminati
2016-06-21T12:20:15Z,MAKING MONEY WITH BB KI VINES,772246,Carryminati
2016-06-17T12:21:30Z,EVERYTHING WRONG WITH INDIAN SCHOOLS,801501,Carryminati
2016-06-15T08:12:55Z,INDIA CENSOR BOARD,293471,Carryminati
2016-06-09T07:30:00Z,SEXY BLACK MAGIC (GONE SEXUAL),250430,Carryminati
2016-06-06T10:28:04Z,5 INDIAN SUPERSTITIONS THAT MAKE NO SENSE !,355514,Carryminati
2016-06-03T07:18:13Z,I VERY VERY LOVE YOU,836897,Carryminati
2016-05-30T12:24:54Z,HOW TO SURVIVE IN A JUNGLE,204913,Carryminati
2016-05-26T13:27:55Z,I WANT A GIRL,592385,Carryminati
2016-05-20T10:51:22Z,SPANKING  ASS (GONE RIGHT),234781,Carryminati
2016-05-18T13:13:09Z,KISS ANY GIRL YOU WANT,430127,Carryminati
2016-05-15T07:44:58Z,KIDS ARE BEAUTIFUL,248226,Carryminati
2016-05-13T08:26:10Z,LOUD NOISES,228768,Carryminati
2016-05-12T09:07:27Z,FATHER OF NONE RETURNS,364023,Carryminati
2016-05-09T06:52:17Z,SEXY RICH VIDEO,369222,Carryminati
2016-05-08T07:01:48Z,GUJJAR GOES WILD,218138,Carryminati
2016-05-06T09:39:04Z,WONNA BE HONEY SINGH,240482,Carryminati
2016-05-05T07:17:32Z,ANSWERING YOU,125100,Carryminati
2016-05-03T07:58:32Z,GOOD BAD BOY,294981,Carryminati
2016-04-29T09:47:59Z,HAVE SEX WITH ANYONE,206403,Carryminati
2016-04-27T07:15:51Z,CANT LIVE LONG,118542,Carryminati
2016-04-25T09:58:46Z,CAN I ASK A QUESTION,294053,Carryminati
2016-04-24T06:32:22Z,GUJJAR SWEG RAP,112975,Carryminati
2016-04-22T08:18:51Z,BEING OSUM,211943,Carryminati
2016-04-13T08:43:12Z,GETTING GIRLFREND DEFINITELY WORKOUTS,243103,Carryminati
2016-04-11T10:20:11Z,SAVE HUMANITITIES,109751,Carryminati
2016-04-10T10:25:40Z,WONNA BE ANGEL,214982,Carryminati
2016-04-08T09:53:05Z,SMELL SWAG IN THIS MUSIC VIDEO,231079,Carryminati
2016-04-06T09:06:36Z,NEW GEN RAP RETURN OF GUJJAR BOYS,324495,Carryminati
2016-04-03T09:33:02Z,AUNTY FETISH RAP,390352,Carryminati
2016-04-01T12:51:42Z,ANSWER ME,211845,Carryminati
2016-03-30T13:15:17Z,When Indian Sings English Songs,91868,Carryminati
2016-03-28T13:32:48Z,Ear Bleeding Prank in India,61713,Carryminati
2016-03-26T10:00:01Z,Dobby vs Indian Guy (Gone Bollywood),109881,Carryminati
2016-03-24T13:44:07Z,Suxy Punjabi Song (Gone Autotune),244588,Carryminati
2016-03-22T12:46:12Z,Lets Make Girls Weird Prank,126944,Carryminati
2016-03-18T12:07:21Z,Swaggiest RapStar in Mumbai (Gone Sexual),97371,Carryminati
2016-03-16T12:19:13Z,This is A QnA Video,92161,Carryminati
2016-03-14T12:51:35Z,WWE Extreme Bakchod Style,248531,Carryminati
2016-03-12T12:40:56Z,Make your Eyes Bleed,99727,Carryminati
2016-03-10T12:48:05Z,How to Propose a Girl Pro Style.,141962,Carryminati
2016-03-07T12:43:21Z,Gujjar Boyz Rap Video ( Gone Rappy ),258492,Carryminati
2016-03-03T13:08:33Z,Punjabi Rap Battle ( Gone Bakchod ),303352,Carryminati
2016-02-29T12:30:01Z,BakChod E-Spidermaan,200733,Carryminati
2016-02-23T13:41:52Z,Pakistani Roadies !,314182,Carryminati
2016-02-20T13:53:33Z,India&#39;s Weirdest Dance Ever on Youtube !,130617,Carryminati
2016-02-17T13:33:57Z,India&#39;s Adult Film of The Year !,379770,Carryminati
2016-02-14T13:58:58Z,KRK India&#39;s Best Film ACTOR/PRODUCER/CRITIC !,400734,Carryminati
2016-02-09T14:02:52Z,Indians That Torrent,193241,Carryminati
2016-02-06T14:09:08Z,INDIA CS:GO,203011,Carryminati
2015-06-28T06:49:45Z,COD GHOST RANT in Hindi,255812,Carryminati
2024-04-05T06:30:13Z,Hotstar Specials Taaza Khabar Season 2 | Coming Soon | @hotstarOfficial,387936,BB Ki Vines
2023-11-09T07:30:12Z,BB Ki Vines- | Ghar Kalesh |,1793289,BB Ki Vines
2023-05-07T07:30:11Z,BB Ki Vines- | Love Ka Hakkar |,2076758,BB Ki Vines
2023-01-21T13:16:52Z,BB Ki Vines Productions | Haseen Raat | Taaza Khabar | Official Video |,601570,BB Ki Vines
2023-01-03T12:30:09Z,BB Ki Vines | Angry Masterji Part 16,2317730,BB Ki Vines
2022-12-13T06:30:07Z,BB Ki Vines Productions- Taaza Khabar | Hotstar Specials | Official Trailer,660832,BB Ki Vines
2022-08-27T12:30:30Z,BB Ki Vines (Vlog #8)- | BB in Dubai |,1024298,BB Ki Vines
2022-06-10T05:30:06Z,BB Ki Vines Productions - Taaza Khabar | Now Filming,951774,BB Ki Vines
2022-03-25T09:30:19Z,BB Ki Vines- | Automatic Gaadi |,2460764,BB Ki Vines
2022-03-15T11:30:12Z,"BB Ki Vines- | Titu Talks- Episode 4 ft. SS Rajamouli, Ram Charan, NTR Jr. |",2173914,BB Ki Vines
2021-12-16T08:30:04Z,Dhindora | Saazish | Offical Lyrical Video | BB Ki Vines,1173493,BB Ki Vines
2021-12-09T08:30:25Z,Dhindora | Official Music Video | BB Ki Vines,4422560,BB Ki Vines
2021-12-02T08:30:11Z,Dhindora | EP 08: Samay Ka Pahiya | BB Ki Vines | Season Finale,2804781,BB Ki Vines
2021-11-25T08:30:08Z,Dhindora | EP 07: Toota Ek Taara | BB Ki Vines,2941047,BB Ki Vines
2021-11-18T08:30:08Z,Dhindora | EP 06: DTYDHTB | BB Ki Vines,2731195,BB Ki Vines
2021-11-11T08:30:10Z,Dhindora | EP 05: Erection In Progress | BB Ki Vines,2969259,BB Ki Vines
2021-11-04T08:30:12Z,Dhindora | EP 04: Saste Sherlock | BB Ki Vines,2955820,BB Ki Vines
2021-10-28T08:30:13Z,Dhindora | EP 03: Nano Thug Lenge | BB Ki Vines,3156838,BB Ki Vines
2021-10-21T08:30:09Z,Dhindora | EP 02: Baasi Roti | BB Ki Vines,3579582,BB Ki Vines
2021-10-14T08:30:09Z,Dhindora | EP 01: Lag Gayi | BB Ki Vines,4768400,BB Ki Vines
2021-10-05T08:30:14Z,Dhindora | Official Trailer | BB Ki Vines,3265763,BB Ki Vines
2021-03-29T09:00:13Z,Titu Mama Ka Gyaan | Holi Party | BB Ki Vines,2778539,BB Ki Vines
2021-02-04T13:30:12Z,BB Ki Vines- | Pitaji Got Talent |,2525285,BB Ki Vines
2021-01-15T08:30:05Z,BB Ki Vines- | Ask BB- Episode 7 |,1361057,BB Ki Vines
2020-10-22T14:00:10Z,BB Ki Vines- | Kyun Sameer Kyun? |,2910598,BB Ki Vines
2020-09-30T08:30:00Z,BB Ki Vines- | ManglooSutra |,2477826,BB Ki Vines
2020-08-22T09:30:11Z,Bandook Ya Lighter? | Latika | BB Ki Vines,3205601,BB Ki Vines
2020-07-12T06:30:02Z,Heer Ranjha - Bhuvan Bam | Official Music Video |,2353718,BB Ki Vines
2020-07-03T10:30:12Z,BB Ki Vines- | Sameer Vs Hola - The Ultimate Roast |,2431910,BB Ki Vines
2020-05-26T09:37:13Z,BB Ki Vines- | Titu Talks- Episode 3 ft. Lifelines Of Society |,3162666,BB Ki Vines
2020-05-10T08:45:11Z,BB Ki Vines- | Lockdown Queen |,2275678,BB Ki Vines
2020-04-16T08:30:15Z,Bubbly Sir Ki Lockdown Life! | Angry Masterji 15 | BB Ki Vines,3244134,BB Ki Vines
2020-03-23T07:09:04Z,Kya haal hain? #StayHome #WithMe #BBLive,237240,BB Ki Vines
2020-03-21T11:30:01Z,BB Ki Vines- | Time To Be A Hero |,1797438,BB Ki Vines
2020-03-07T13:00:06Z,First Impression is the Last Impression | Business call | BB Ki Vines,1935264,BB Ki Vines
2020-02-22T12:13:43Z,BB Ki Vines (Vlog #7)- | BB in Davos |,543502,BB Ki Vines
2020-02-11T13:37:09Z,Pyaar Ki Taakat | Valentine Shopping | BB Ki Vines,2486232,BB Ki Vines
2020-02-02T08:30:03Z,BB Ki Vines- | Doctor Sehgal- (Seedhe Ji) |,1203434,BB Ki Vines
2020-01-14T13:00:05Z,WhatsApp ki Taakat! | What the Bunk | BB Ki Vines,1848832,BB Ki Vines
2019-12-04T12:30:11Z,BB Ki Vines- | My Duty |,2540981,BB Ki Vines
2019-11-19T13:30:04Z,BB Ki Vines- | Ask BB- Episode 6 |,1025039,BB Ki Vines
2019-11-08T13:00:06Z,Ajnabee - Bhuvan Bam | Official Music Video |,1179522,BB Ki Vines
2019-10-29T11:30:12Z,Ye Babloo Ji ka Raj Hai! | Nahi Jaana Please | BB Ki Vines,1840881,BB Ki Vines
2019-09-27T07:00:00Z,BB ka chota bhai?! | Khush-Khabri | BB Ki Vines,1867631,BB Ki Vines
2019-09-05T12:30:12Z,Body ka strongest hissa kya hai? | Angry Masterji 14 | BB Ki Vines,2097805,BB Ki Vines
2019-08-17T12:30:03Z,BB Ki Vines- | Paani Ki Samasya |,1882329,BB Ki Vines
2019-07-16T08:30:00Z,Bablooji&#39;s ex? | Chakhne Pe Charcha |BB Ki Vines,2174949,BB Ki Vines
2019-07-07T13:43:44Z,BB Ki Vines- | Detective Mangloo |,1647757,BB Ki Vines
2019-06-17T14:56:34Z,Family Cruise Trip | Light Gayi Hai! | BB Ki Vines,2010437,BB Ki Vines
2019-06-04T14:28:14Z,BB Ki Vines- | Unprotected Fax |,1635795,BB Ki Vines
2019-05-10T13:30:00Z,BB Ki Vines- | The Brighter Side |,2303582,BB Ki Vines
2019-04-27T14:13:15Z,Bubbly sir&#39;s last day | Angry Masterji 13 | BB Ki Vines,2238655,BB Ki Vines
2019-04-06T14:24:48Z,BB Ki Vines (Vlog #6)- | BB in USA |,874362,BB Ki Vines
2019-03-22T14:28:17Z,Dosti Karke Dhoka Mila! | Holi Ke Laddoo | BB Ki Vines,1811977,BB Ki Vines
2019-03-02T11:58:11Z,BB Ki Vines- Bhuvan Bam- Bas Mein | Official Music Video |,1414576,BB Ki Vines
2019-02-23T13:58:47Z,Naughty Ghaziabad | Titu Talks Ep 02 ft. Johnny Sins  @SinsTV  | BB Ki Vines,2984061,BB Ki Vines
2019-02-01T15:00:05Z,800 ka kaccha kaun pehenta hai?! | Faaltu Kharcha | BB Ki Vines,2108942,BB Ki Vines
2019-01-22T15:36:14Z,Bhuvan Ka Birthday! | Itni Thand English Jhand | BB Ki Vines,2431932,BB Ki Vines
2018-12-30T15:34:29Z,BB Ki Vines- | From the heart- 2018 Rewind |,229760,BB Ki Vines
2018-12-22T10:30:02Z,BB Ki Vines- | The Salesman- Part 2 |,1514157,BB Ki Vines
2018-12-15T13:27:43Z,Wife Ko Impress Karne Ke 3 Shabd! | Titu Talks Ep 01 ft. Shah Rukh Khan | BB Ki Vines,3105304,BB Ki Vines
2018-12-08T14:04:52Z,I made a Johnny Sin  | Ghar Ke Kaagaz | BB Ki Vines,1829088,BB Ki Vines
2018-12-04T10:04:59Z,Bhuvan Bam- | Girl Child Education- A YouTube Impact Lab Initiative |,426245,BB Ki Vines
2018-11-10T13:24:01Z,Bablooji gone DEAF?! | Diwali pe Diwala | BB Ki Vines,1846026,BB Ki Vines
2018-09-14T11:35:05Z,Plus Minus | Divya Dutta &amp; Bhuvan Bam | Short Film,2388576,BB Ki Vines
2018-09-11T12:50:26Z,How to impress your date | Dating Hutiyapa | BB Ki Vines,1770436,BB Ki Vines
2018-09-04T11:47:06Z,Bubbly sir is hopeless dad?! | Angry Masterji- Part 12 | BB Ki Vines,1648256,BB Ki Vines
2018-08-29T11:30:30Z,Bhuvan Bam- Rahguzar | Official Music Video |,597160,BB Ki Vines
2018-08-23T15:20:41Z,BB Ki Vines- | Ask BB- Episode 5 |,998291,BB Ki Vines
2018-08-14T13:56:21Z,Kitni Gehri Hai Inki Dosti? | Goa Chalte Hain | BB Ki Vines,1938179,BB Ki Vines
2018-07-16T15:02:10Z,Babloo Ji Romantic Mood Mein?! | Saalgira Party | BB Ki Vines,1977275,BB Ki Vines
2018-07-03T10:55:18Z,Humara Rishta Khatam?! | Maakichu Mere Bete | BB Ki Vines,1700027,BB Ki Vines
2018-06-13T07:13:43Z,Bhuvan Bam- Safar | Official Music Video |,1228449,BB Ki Vines
2018-06-06T12:02:47Z,BB Ki Vines- | Alvida Dost |,1449909,BB Ki Vines
2018-05-18T12:39:23Z,Sir please fail mat kijiye! | Angry Masterji 11 | BB Ki Vines,1803715,BB Ki Vines
2018-04-26T12:23:17Z,BB and Bancho join Sameer&#39;s business | Career Tension | BB Ki Vines,1732157,BB Ki Vines
2018-04-09T10:21:36Z,BB Ki Vines- | The Sacrifice |,1854343,BB Ki Vines
2018-03-31T13:46:47Z,Bablooji&#39;s Secret! | Likhe Jo Khat Tujhe | BB Ki Vines,1602742,BB Ki Vines
2018-03-11T12:14:45Z,BB Ki Vines (Vlog #5)- | BB in Canada |,767967,BB Ki Vines
2018-03-05T13:09:25Z,BB Ki Vines- | Maun Vrat |,1449960,BB Ki Vines
2018-01-30T14:10:39Z,Kya hai Mr Hola ka plan? | Faisla | BB Ki Vines,2128812,BB Ki Vines
2018-01-27T10:28:28Z,BB Ki Vines- | Ask BB- Episode 4 |,907922,BB Ki Vines
2018-01-13T06:59:57Z,Bhuvan Bam- Sang Hoon Tere | Official Music Video |,868480,BB Ki Vines
2017-12-25T12:59:10Z,Babloo Ji ke gale mei HICKEY?! | Laut Aaye Jijaji | BB Ki Vines,1485101,BB Ki Vines
2017-12-03T12:44:19Z,BB Ki Vines- | Jijaji Ko Dhoondo |,1203983,BB Ki Vines
2017-11-20T16:26:32Z,BB Ki Vines- | Adrak Baba |,1078733,BB Ki Vines
2017-10-26T15:09:33Z,Mere bhai ko maara! | Yaar Anmulle | BB Ki Vines,1444522,BB Ki Vines
2017-10-05T19:40:20Z,BB Ki Vines- | Breast Cancer Awareness Campaign |,288115,BB Ki Vines
2017-09-20T18:01:55Z,Obsession with fair skin #BBLive,179438,BB Ki Vines
2017-09-18T12:28:34Z,School hai ki Masterchef India?!| Angry Masterji 10 | BB Ki Vines,2183539,BB Ki Vines
2017-08-17T15:40:29Z,Leave a F for Bancho | Dastaan-e-Breakup | BB Ki Vines,1404632,BB Ki Vines
2017-08-04T09:00:07Z,BB Ki Vines- | Ask BB- Episode 3 |,330103,BB Ki Vines
2017-07-28T15:08:23Z,Pehle Dharti Fategi Ya Aasmaan? | The Apocalypse | BB Ki Vines,1254295,BB Ki Vines
2017-07-14T17:12:48Z,"Jaisa Baap Waisa Beta | Pati, Patni aur Woh | BB Ki Vines",1178215,BB Ki Vines
2017-06-25T10:19:11Z,Hola ji ka Thailand ka ticket? | The Culprit | BB Ki Vines,1574770,BB Ki Vines
2017-05-31T16:59:45Z,99 Rupay mei 200 calls | Ghaplebaaz ko Pakdo | BB Ki Vines,1533287,BB Ki Vines
2017-05-03T14:40:42Z,Chai Mein Kya Dubayenge? Ijjat?! | Titu Mama | BB Ki Vines,2160807,BB Ki Vines
2017-04-13T11:22:48Z,BB Ki Vines- | Un-Fair |,1603750,BB Ki Vines
2017-04-09T07:58:32Z,Arrey kaun Bhuvan? | Memory Loss | BB Ki Vines,1328462,BB Ki Vines
2017-03-28T14:08:35Z,BB Ki Vines (Vlog #4)- | BB at Fanfest 2017 |,306023,BB Ki Vines
2017-03-09T06:59:11Z,Lets try ANIL | Group Study | BB Ki Vines,2059685,BB Ki Vines
2017-02-10T15:25:21Z,Single Hi Theek Tha Yaar | Hutiya Ishq | BB Ki Vines,1333421,BB Ki Vines
2017-01-27T15:28:03Z,Apne Baap se aise sawal karega? | Sach Ka Saamna | BB Ki Vines,1397920,BB Ki Vines
2017-01-10T14:35:46Z,BB Ki Vines (Vlog #3)- | Meeting Nawazuddin Siddiqui |,304923,BB Ki Vines
2016-12-24T14:36:13Z,BB Ki Vines- | Badass Santa- Part 2 |,721388,BB Ki Vines
2016-12-08T15:04:25Z,Sonam Gupta meri biwi hai | Angry Masterji - Part 9 | BB Ki Vines,1014127,BB Ki Vines
2016-12-01T14:48:12Z,BB Ki Vines (Vlog #2)- | BB in Seoul |,524294,BB Ki Vines
2016-11-08T15:33:03Z,Bancho ki Shaadi! | Ek Teer Do Nishaane | BB Ki Vines,1138925,BB Ki Vines
2016-10-17T15:30:28Z,BB Ki Vines- | Kaanta Ben |,874028,BB Ki Vines
2016-09-29T17:55:27Z,BB&#39;s Superpower | Mann ki Baat | BB Ki Vines,1233772,BB Ki Vines
2016-09-17T15:19:20Z,BB Ki Vines (Vlog #1)- | BB in HK |,208996,BB Ki Vines
2016-09-07T11:20:05Z,BB Ki Vines- | Ask BB- Episode 2 |,247213,BB Ki Vines
2016-08-27T14:01:28Z,Sandwich Mein Se Kancha Nikla! | Angry Masterji Part 8 | BB Ki Vines,874113,BB Ki Vines
2016-08-23T10:47:54Z,Papa Maakichu sells toys?! | The Vibrator | BB Ki Vines,817058,BB Ki Vines
2016-08-02T18:30:47Z,Bhuvan Bam- Teri Meri Kahaani | Official Music Video |,883185,BB Ki Vines
2016-07-23T17:37:11Z,Agar har ashleel film dekhne pe ek ped lagta... | Online Dating - Mr Hola Returns| BB Ki Vines,1114783,BB Ki Vines
2016-07-14T10:25:06Z,BB Ki Vines- | Mr. Hola Returns Trailer |,215270,BB Ki Vines
2016-06-19T13:31:38Z,BB Ki Vines- | Sorry Dad |,960626,BB Ki Vines
2016-06-03T07:40:32Z,BB Ki Vines- | Online Dating |,896285,BB Ki Vines
2016-05-12T08:30:01Z,Bubbly sir chal basse! | Angry Masterji - Part 7 | BB Ki Vines,1005606,BB Ki Vines
2016-05-05T18:05:16Z,BB Ki Vines- | AMP7 Trailer |,180458,BB Ki Vines
2016-04-19T16:42:05Z,Baap ho toh aisa | Papa Maakichu | BB Ki Vines,1011370,BB Ki Vines
2016-03-21T15:35:08Z,Dosti Mein Yeh Mat Bolo | Mr. Hola Returns | BB Ki Vines,1021794,BB Ki Vines
2016-03-05T14:48:18Z,Syllabus Kaise Complete Hoga? | Examination Hutiyapa | BB Ki Vines,961344,BB Ki Vines
2016-02-29T12:45:25Z,BB Ki Vines- | News Reporter- Leo Ka Askar |,325471,BB Ki Vines
2016-02-18T07:00:00Z,Mr Foodie | Angry Masterji Part 6 | BB Ki Vines,781010,BB Ki Vines
2016-02-05T07:02:18Z,BB Ki Vines- | Valentine&#39;s Week Hutiyapa |,1167297,BB Ki Vines
2016-01-24T16:12:03Z,BB Ki Vines- | Birthday Present |,671937,BB Ki Vines
2016-01-15T10:00:01Z,BB Ki Vines- | Happy Naukar |,787253,BB Ki Vines
2016-01-09T16:35:46Z,BB Ki Vines- | Ask BB: Episode 1 |,195000,BB Ki Vines
2016-01-04T15:05:51Z,Galti se Send Ho Gaya! | WhatsApp Message | BB Ki Vines,885889,BB Ki Vines
2015-12-25T17:03:28Z,BB Ki Vines- | Badass Santa |,749652,BB Ki Vines
2015-12-17T13:00:01Z,BB Ki Vines- | Hit and Run |,652180,BB Ki Vines
2015-12-08T12:00:00Z,BB Ki Vines- | Saccha Pyaar |,736357,BB Ki Vines
2015-11-30T14:44:50Z,Tameez se baat karo! | Angry Masterji Part 5 | BB Ki Vines,739288,BB Ki Vines
2015-11-24T06:39:28Z,BB Ki Vines- | Pray For Humanity |,106375,BB Ki Vines
2015-11-20T13:36:35Z,Pappi lenge?  | Mrs. Verma | BB Ki Vines,798362,BB Ki Vines
2015-11-16T13:07:54Z,BB Ki Vines- |Aur Bata- A Public Service Message|,532279,BB Ki Vines
2015-11-11T11:57:11Z,BB Ki Vines- | Dr.  Sehgal- Part 3 |,412456,BB Ki Vines
2015-11-01T15:37:51Z,BB Ki Vines- | The Salesman |,675615,BB Ki Vines
2015-10-25T12:30:00Z,BB Ki Vines- | Bancho Ka Break-up |,728804,BB Ki Vines
2015-10-18T15:01:01Z,BB Ki Vines- | New Car |,803121,BB Ki Vines
2015-10-12T13:31:48Z,Bade Dino Baad Aya Hu | Mr. Hola Vs. Fameer Fuddi | BB Ki Vines,1012696,BB Ki Vines
2015-10-03T17:52:14Z,BB Ki Vines- | Fameer Fuddi |,970243,BB Ki Vines
2015-10-01T16:56:15Z,BB Ki Vines- | Relative Ki Shaadi |,580351,BB Ki Vines
2015-10-01T16:26:13Z,BB Ki Vines- | Lassan maama |,673884,BB Ki Vines
2015-10-01T15:09:12Z,BB Ki Vines- | Bancho meets Mr. Hola |,615911,BB Ki Vines
2015-09-28T06:53:19Z,Dusra chedh kardunga| Angry Masterji  Part 4 | BB Ki Vines,940952,BB Ki Vines
2015-09-25T12:37:20Z,BB Ki Vines- | Hypnotism |,465434,BB Ki Vines
2015-09-23T07:07:10Z,Comedy Hunt- #6 Tech Talk (iPhone6 vs. Nokia 3310),449342,BB Ki Vines
2015-09-21T10:20:46Z,BB Ki Vines- | Second Childhood |,735333,BB Ki Vines
2015-09-16T13:19:26Z,Sabziwale ko koi kasme khilata hai? | Har Ghar Ki Story (Quickr) | BB Ki Vines,396171,BB Ki Vines
2015-09-15T16:26:53Z,BB Ki Vines- | Raaz Khul Gaya |,721506,BB Ki Vines
2015-09-09T18:33:09Z,BB Ki Vines- | Lottery Ticket |,523932,BB Ki Vines
2015-09-09T05:53:48Z,Comedy Hunt- #4 Naya Naya Pyaar,432233,BB Ki Vines
2015-09-05T12:46:23Z,She is a SLUT ?,654422,BB Ki Vines
2015-09-02T06:30:34Z,Comedy Hunt- #3 Frustrated Husband,468551,BB Ki Vines
2015-08-26T06:35:27Z,Comedy Hunt- #2 Krantiveer Spoof,614693,BB Ki Vines
2015-08-19T06:37:17Z,Comedy Hunt- #1 Over-Excited News Reporter,239261,BB Ki Vines
2015-08-14T22:35:59Z,BB Ki Vines- | Independence Day Special |,220866,BB Ki Vines
2015-08-05T08:46:08Z,Comedy Hunt Unboxing - #Super40,95758,BB Ki Vines
2015-07-27T09:25:07Z,Comedy Hunt- Angry masterji Part 2,157314,BB Ki Vines
2015-07-22T15:58:32Z,BB Ki Vines- | Pit gaye Pitaji |,447912,BB Ki Vines
2015-07-16T17:36:15Z,BB Ki Vines- | Apple Juice |,612699,BB Ki Vines
2015-07-16T17:14:38Z,BB Ki Vines- | Shampoo |,395881,BB Ki Vines
2015-07-12T19:37:26Z,BB school chhod raha hai?! | Angry Masterji - Part 3 | BB Ki Vines,628848,BB Ki Vines
2015-07-10T03:44:31Z,BB Ki Vines- | New Folder |,578233,BB Ki Vines
2015-07-07T17:47:53Z,BB Ki Vines- | Love Letter |,492199,BB Ki Vines
2015-06-26T21:48:52Z,Ziddi Murge ki Kahani | Angry Masterji Part 2 | BB Ki Vines,611922,BB Ki Vines
2015-06-26T21:38:42Z,BB Ki Vines- | English ka keeda |,620505,BB Ki Vines
2015-06-26T21:30:24Z,BB Ki Vines- | Doctor Sehgal- (Gupt Rog) |,387666,BB Ki Vines
2015-06-20T10:50:21Z,BB Ki Vines- | Wrong Number |,529184,BB Ki Vines
2015-06-20T10:43:40Z,BB Ki Vines- | Aashiqui 3 |,511163,BB Ki Vines
2015-06-20T10:40:09Z,BB Ki Vines- | Such a Pussy |,290894,BB Ki Vines
2015-06-20T10:34:52Z,Comedy Hunt- I am feeling HORNY,290581,BB Ki Vines
2015-06-20T10:29:54Z,Bhuvan din bhar ghar par karta kya hai? | Angry Masterji | BB Ki Vines,740047,BB Ki Vines
2015-06-20T10:16:39Z,Babloo Ji Raat ko Kahan The? | Hawas Ka Pujaari | BB Ki Vines,597331,BB Ki Vines
2015-06-20T10:07:47Z,BB Ki Vines- | Media Nowadays |,385756,BB Ki Vines
2015-06-20T10:07:36Z,Shirt se Beer ki Badbu | Pineapple Juice | BB Ki Vines,568867,BB Ki Vines
2015-06-20T10:03:37Z,Saral bhasha main bolo! | Comedy Hunt - Doctor Sehgal | BB Ki Vines,424524,BB Ki Vines
2015-06-20T09:53:08Z,BB Ki Vines- | Paarak Chalo |,655602,BB Ki Vines
2015-06-20T09:42:27Z,BB Ki Vines- | Dost Dost naa raha |,379111,BB Ki Vines
2015-06-20T09:35:55Z,BB Ki Vines- | Kanjoos dost |,435031,BB Ki Vines
2015-06-20T09:33:52Z,Kisme Hai Itni Himmat? | Fights (Then &amp; Now) | BB Ki Vines,505152,BB Ki Vines
2015-06-20T09:25:04Z,BB Ki Vines- | Cheesy Relationships |,344956,BB Ki Vines
2015-06-20T09:20:31Z,BB Ki Vines- | Taking Permission From Parents |,343248,BB Ki Vines
2015-06-20T09:14:59Z,Raaste Mei Hu! | Jhoota Dost Late Lateef | BB Ki Vines,310788,BB Ki Vines
2015-06-20T09:12:54Z,BB Ki Vines- | Abusing in front of parents |,418332,BB Ki Vines
2015-06-20T09:12:51Z,Kutiya Khafa Saand Bewafa | Gaur Se Dekhiye | BB Ki Vines,355052,BB Ki Vines
2015-06-20T09:02:57Z,Bittu Ki Lottery Lagi Hai | Chori Mein Twist | BB Ki Vines,480255,BB Ki Vines
2015-06-20T08:55:47Z,BB Ki Vines- | Bhai-Zoned..Attyachaar |,526599,BB Ki Vines
